,Symbol,Code
1,$,USD
2,؋‎,AFN
3,€,EUR
4,L,ALL
5,DA,DZD
6,€,EUR
7,Kz,AOA
8,EC$,XCD
9,EC$,XCD
10,$,ARS
11,֏,AMD
12,ƒ,AWG
13,£,SHP
14,$,AUD
15,€,EUR
16,₼,AZN
17,$,BSD
18,BD,BHD
19,৳,BDT
20,$,BBD
21,,BYN
22,€,EUR
23,$,BZD
24,F.CFA,XOF
25,$,BMD
26,Nu,BTN
27,₹,INR
28,Bs,BOB
29,$,USD
30,KM,BAM
31,P,BWP
32,R$,BRL
33,$,USD
34,$,BND
35,$,SGD
36,€,EUR
37,F.CFA,XOF
38,FBu,BIF
39,៛,KHR
40,F.CFA,XAF
41,$,CAD
42,,CVE
43,$,KYD
44,F.CFA,XAF
45,F.CFA,XAF
46,$,CLP
47,¥,CNY
48,$,COP
49,FC,KMF
50,FC,CDF
51,F.CFA,XAF
52,$,NZD
53,₡,CRC
54,F.CFA,XOF
55,€,EUR
56,$,CUP
57,Cg,XCG
58,€,EUR
59,Kč,CZK
60,kr,DKK
61,Fdj,DJF
62,EC$,XCD
63,$,DOP
64,$,USD
65,LE,EGP
66,$,USD
67,F.CFA,XAF
68,Nkf,ERN
69,€,EUR
70,L or E (pl.),SZL
71,R,ZAR
72,Br,ETB
73,£,FKP
74,£,GBP
75,kr,DKK
76,$,FJD
77,€,EUR
78,€,EUR
79,₣,XPF
80,F.CFA,XAF
81,D,GMD
82,₾,GEL
83,€,EUR
84,₵,GHS
85,£,GIP
86,£,GBP
87,€,EUR
88,kr,DKK
89,EC$,XCD
90,Q,GTQ
91,£,GBP
92,Fr,GNF
93,F.CFA,XOF
94,$,GYD
95,G,HTG
96,L,HNL
97,$,HKD
98,Ft,HUF
99,kr,ISK
100,₹,INR
101,Rp,IDR
102,Rl or Rls (pl.),IRR
103,ID,IQD
104,€,EUR
105,£,GBP
106,₪,ILS
107,€,EUR
108,$,JMD
109,¥,JPY
110,£,GBP
111,JD,JOD
112,₸,KZT
113,Sh or Shs (pl.),KES
114,$,AUD
115,₩,KPW
116,₩,KRW
117,€,EUR
118,KD,KWD
119,⃀,KGS
120,₭,LAK
121,€,EUR
122,LL,LBP
123,L or M (pl.),LSL
124,R,ZAR
125,£,FKP
126,£,GBP
127,$,LRD
128,$,USD
129,LD,LYD
130,Fr,CHF
131,€,EUR
132,€,EUR
133,$ or ptc,MOP
134,Ar,MGA
135,K,MWK
136,RM,MYR
137,Rf or,MVR
138,F.CFA,XOF
139,€,EUR
140,₽,RUB
141,UM,MRU
142,Re or Rs (pl.),MUR
143,$,MXN
144,$,USD
145,Leu or Lei (pl.),MDL
146,€,EUR
147,₮,MNT
148,€,EUR
149,EC$,XCD
150,DH,MAD
151,Mt,MZN
152,K or Ks (pl.),MMK
153,$,NAD
154,R,ZAR
155,$,AUD
156,रु,NPR
157,€,EUR
158,₣,XPF
159,$,NZD
160,C$,NIO
161,F.CFA,XOF
162,₦,NGN
163,$,NZD
164,DEN,MKD
165,₺,TRY
166,kr,NOK
167,Re or Rs (pl.),PKR
168,$,USD
169,₪,ILS
170,LE,EGP
171,JD,JOD
172,B/,PAB
173,$,USD
174,K,PGK
175,₲,PYG
176,S/,PEN
177,₱,PHP
178,$,NZD
179,zł,PLN
180,€,EUR
181,QR,QAR
182,Leu or Lei (pl.),RON
183,₽,RUB
184,FRw,RWF
185,$,USD
186,DH,MAD
187,£,SHP
188,£,GBP
189,EC$,XCD
190,EC$,XCD
191,EC$,XCD
192,$,WST
193,€,EUR
194,Db,STN
195,F.CFA,XOF
196,DIN,RSD
197,Re or Rs (pl.),SCR
198,Le,SLE
199,$,SGD
200,$,BND
201,$,USD
202,Cg,XCG
203,€,EUR
204,€,EUR
205,$,SBD
206,Sh or Shs (pl.),SOS
207,R,ZAR
208,₽,RUB
209,SS£,SSP
210,€,EUR
211,Re or Rs (pl.),LKR
212,LS,SDG
213,$,SRD
214,kr,SEK
215,Fr,CHF
216,LS,SYP
217,$,TWD
218,SM,TJS
219,Sh or Shs (pl.),TZS
220,฿,THB
221,$,USD
222,F.CFA,XOF
223,T$,TOP
224,$,TTD
225,DT,TND
226,₺,TRY
227,m,TMT
228,$,USD
229,$,AUD
230,Sh or Shs (pl.),UGX
231,₴,UAH
232,£,GBP
233,$,USD
234,$,UYU
235,Sʻ,UZS
236,VT,VUV
237,€,EUR
238,Bs.S,VES
239,Bs.D,VED
240,₫,VND
241,₣,XPF
242,Rl or Rls (pl.),YER
243,K,ZMW
244,ZiG,ZWG
